{
  "hash": "cb56d14b",
  "configHash": "b310a505",
  "lockfileHash": "8891ee9f",
  "browserHash": "b864ff18",
  "optimized": {
    "@angular/common": {
      "src": "../../../../../node_modules/@angular/common/fesm2022/common.mjs",
      "file": "@angular_common.js",
      "fileHash": "8b122dc7",
      "needsInterop": false
    },
    "@angular/core": {
      "src": "../../../../../node_modules/@angular/core/fesm2022/core.mjs",
      "file": "@angular_core.js",
      "fileHash": "655917f8",
      "needsInterop": false
    },
    "@angular/material/button": {
      "src": "../../../../../node_modules/@angular/material/fesm2022/button.mjs",
      "file": "@angular_material_button.js",
      "fileHash": "8c956aa1",
      "needsInterop": false
    },
    "@angular/material/core": {
      "src": "../../../../../node_modules/@angular/material/fesm2022/core.mjs",
      "file": "@angular_material_core.js",
      "fileHash": "fe4f907c",
      "needsInterop": false
    },
    "@angular/material/datepicker": {
      "src": "../../../../../node_modules/@angular/material/fesm2022/datepicker.mjs",
      "file": "@angular_material_datepicker.js",
      "fileHash": "3785d6e0",
      "needsInterop": false
    },
    "@angular/material/form-field": {
      "src": "../../../../../node_modules/@angular/material/fesm2022/form-field.mjs",
      "file": "@angular_material_form-field.js",
      "fileHash": "bd1f59c2",
      "needsInterop": false
    },
    "@angular/material/icon": {
      "src": "../../../../../node_modules/@angular/material/fesm2022/icon.mjs",
      "file": "@angular_material_icon.js",
      "fileHash": "3ad1cdef",
      "needsInterop": false
    },
    "@angular/material/input": {
      "src": "../../../../../node_modules/@angular/material/fesm2022/input.mjs",
      "file": "@angular_material_input.js",
      "fileHash": "608e8545",
      "needsInterop": false
    },
    "@angular/material/list": {
      "src": "../../../../../node_modules/@angular/material/fesm2022/list.mjs",
      "file": "@angular_material_list.js",
      "fileHash": "33d95f86",
      "needsInterop": false
    },
    "@angular/material/menu": {
      "src": "../../../../../node_modules/@angular/material/fesm2022/menu.mjs",
      "file": "@angular_material_menu.js",
      "fileHash": "51f7a2ba",
      "needsInterop": false
    },
    "@angular/material/select": {
      "src": "../../../../../node_modules/@angular/material/fesm2022/select.mjs",
      "file": "@angular_material_select.js",
      "fileHash": "23858f5f",
      "needsInterop": false
    },
    "@angular/material/table": {
      "src": "../../../../../node_modules/@angular/material/fesm2022/table.mjs",
      "file": "@angular_material_table.js",
      "fileHash": "3a6ed311",
      "needsInterop": false
    },
    "@angular/material/tabs": {
      "src": "../../../../../node_modules/@angular/material/fesm2022/tabs.mjs",
      "file": "@angular_material_tabs.js",
      "fileHash": "ebf811dd",
      "needsInterop": false
    },
    "@angular/platform-browser": {
      "src": "../../../../../node_modules/@angular/platform-browser/fesm2022/platform-browser.mjs",
      "file": "@angular_platform-browser.js",
      "fileHash": "88bec8bb",
      "needsInterop": false
    },
    "@angular/platform-browser/animations/async": {
      "src": "../../../../../node_modules/@angular/platform-browser/fesm2022/animations/async.mjs",
      "file": "@angular_platform-browser_animations_async.js",
      "fileHash": "74c0ed10",
      "needsInterop": false
    },
    "@angular/router": {
      "src": "../../../../../node_modules/@angular/router/fesm2022/router.mjs",
      "file": "@angular_router.js",
      "fileHash": "a7185729",
      "needsInterop": false
    },
    "@angular/material/divider": {
      "src": "../../../../../node_modules/@angular/material/fesm2022/divider.mjs",
      "file": "@angular_material_divider.js",
      "fileHash": "60c100b8",
      "needsInterop": false
    }
  },
  "chunks": {
    "browser-YIBDZ2FE": {
      "file": "browser-YIBDZ2FE.js"
    },
    "chunk-HR4TSFV3": {
      "file": "chunk-HR4TSFV3.js"
    },
    "chunk-RV2OHZCB": {
      "file": "chunk-RV2OHZCB.js"
    },
    "chunk-VGJN6VK2": {
      "file": "chunk-VGJN6VK2.js"
    },
    "chunk-PZKTA3QZ": {
      "file": "chunk-PZKTA3QZ.js"
    },
    "chunk-EMEKOETS": {
      "file": "chunk-EMEKOETS.js"
    },
    "chunk-T6USHGZJ": {
      "file": "chunk-T6USHGZJ.js"
    },
    "chunk-X56ZCCYM": {
      "file": "chunk-X56ZCCYM.js"
    },
    "chunk-RMPB7RMI": {
      "file": "chunk-RMPB7RMI.js"
    },
    "chunk-7IUP6RUI": {
      "file": "chunk-7IUP6RUI.js"
    },
    "chunk-CNJNKLGC": {
      "file": "chunk-CNJNKLGC.js"
    },
    "chunk-4SHCNCOJ": {
      "file": "chunk-4SHCNCOJ.js"
    },
    "chunk-DUHC7A74": {
      "file": "chunk-DUHC7A74.js"
    },
    "chunk-2TDYIDKU": {
      "file": "chunk-2TDYIDKU.js"
    },
    "chunk-NTV2XCQV": {
      "file": "chunk-NTV2XCQV.js"
    }
  }
}